name,type,source
"glass-avatar","module","./components/glass-avatar"
"glass-badge","module","./components/glass-badge"
"glass-button","module","./components/glass-button"
"glass-card","module","./components/glass-card"
"glass-chart","module","./components/glass-chart"
"glass-checkbox","module","./components/glass-checkbox"
"glass-command","module","./components/glass-command"
"glass-dropdown","module","./components/glass-dropdown"
"glass-input","module","./components/glass-input"
"glass-loading","module","./components/glass-loading"
"glass-mobile-nav","module","./components/glass-mobile-nav"
"glass-modal","module","./components/glass-modal"
"glass-notification","module","./components/glass-notification"
"glass-popover","module","./components/glass-popover"
"glass-progress","module","./components/glass-progress"
"glass-responsive-button","module","./components/glass-responsive-button"
"glass-responsive-card","module","./components/glass-responsive-card"
"glass-search","module","./components/glass-search"
"glass-select","module","./components/glass-select"
"glass-slider","module","./components/glass-slider"
"glass-switch","module","./components/glass-switch"
"glass-table","module","./components/glass-table"
"glass-tabs","module","./components/glass-tabs"
"glass-textarea","module","./components/glass-textarea"
"glass-toast","module","./components/glass-toast"
"glass-tooltip","module","./components/glass-tooltip"
"navbar","module","./components/navbar"
"sidebar","module","./components/sidebar"
"theme-provider';","module","export { ThemeProvider } from './components/theme-provider';"
"theme-toggle","module","./components/theme-toggle"
"component-showcase","module","./components/component-showcase"
"use-liquid-glass","module","./hooks/use-liquid-glass"
"use-mobile","module","./hooks/use-mobile"
"use-performance-monitor","module","./hooks/use-performance-monitor"
"use-theme';","module","export { useTheme } from './hooks/use-theme';"
"use-toast';","module","export { useToast, toast } from './hooks/use-toast';"
"glass-physics","module","./lib/glass-physics"
"glass-utils","module","./lib/glass-utils"
"liquid-glass-tokens","module","./lib/liquid-glass-tokens"
"accessibility-testing","module","./utils/accessibility-testing"
"types';","module","export type { GlassButtonProps, GlassCardProps, GlassInputProps, GlassTabsProps, AccessibilityCheckResult, AccessibilityIssue } from './types';"
